{
  "dataset_path": "C:\\Users\\franc\\Documents\\GitHub\\pii-masker\\presidio-research\\tests\\data\\generated_small.json",
  "sample_count": 100,
  "models": {
    "Babelscape/wikineural-multilingual-ner": {
      "ok": true,
      "load_seconds": 1.2794840999995358,
      "eval_seconds": 3.503493000011076,
      "pii_precision": 0.9821428571428571,
      "pii_recall": 0.6111111111111112,
      "pii_f": 0.6610576923076924,
      "entity_recall_top10": [
        [
          "EMAIL_ADDRESS",
          1.0
        ],
        [
          "US_DRIVER_LICENSE",
          1.0
        ],
        [
          "IP_ADDRESS",
          1.0
        ],
        [
          "US_SSN",
          1.0
        ],
        [
          "CREDIT_CARD",
          1.0
        ],
        [
          "DATE_TIME",
          0.875
        ],
        [
          "PERSON",
          0.8441558441558441
        ],
        [
          "ORGANIZATION",
          0.75
        ],
        [
          "URL",
          0.6666666666666666
        ],
        [
          "PHONE_NUMBER",
          0.43902439024390244
        ]
      ],
      "entity_precision": {
        "EMAIL_ADDRESS": 1.0,
        "PERSON": 0.9027777777777778,
        "ORGANIZATION": 0.6818181818181818,
        "URL": 1.0,
        "US_DRIVER_LICENSE": 1.0,
        "LOCATION": 0.9577464788732394,
        "DATE_TIME": 1.0,
        "IP_ADDRESS": 1.0,
        "PHONE_NUMBER": 0.9,
        "US_SSN": 1.0,
        "CREDIT_CARD": 1.0
      },
      "n_tokens_scored": 360
    },
    "Jean-Baptiste/roberta-large-ner-english": {
      "ok": true,
      "load_seconds": 0.9862471999949776,
      "eval_seconds": 8.618228300008923,
      "pii_precision": 0.9808429118773946,
      "pii_recall": 0.6808510638297872,
      "pii_f": 0.7252124645892352,
      "entity_recall_top10": [
        [
          "EMAIL_ADDRESS",
          1.0
        ],
        [
          "URL",
          1.0
        ],
        [
          "US_DRIVER_LICENSE",
          1.0
        ],
        [
          "IP_ADDRESS",
          1.0
        ],
        [
          "US_SSN",
          1.0
        ],
        [
          "CREDIT_CARD",
          1.0
        ],
        [
          "ORGANIZATION",
          0.9130434782608695
        ],
        [
          "DATE_TIME",
          0.875
        ],
        [
          "PERSON",
          0.8441558441558441
        ],
        [
          "LOCATION",
          0.4639175257731959
        ]
      ],
      "entity_precision": {
        "EMAIL_ADDRESS": 1.0,
        "PERSON": 0.9027777777777778,
        "ORGANIZATION": 0.5675675675675675,
        "URL": 1.0,
        "US_DRIVER_LICENSE": 1.0,
        "LOCATION": 0.9782608695652174,
        "DATE_TIME": 1.0,
        "IP_ADDRESS": 1.0,
        "PHONE_NUMBER": 0.9,
        "US_SSN": 1.0,
        "CREDIT_CARD": 1.0
      },
      "n_tokens_scored": 376
    },
    "dslim/bert-base-NER": {
      "ok": true,
      "load_seconds": 0.8672976999951061,
      "eval_seconds": 3.179002599994419,
      "pii_precision": 0.9529914529914529,
      "pii_recall": 0.6211699164345403,
      "pii_f": 0.6676646706586826,
      "entity_recall_top10": [
        [
          "EMAIL_ADDRESS",
          1.0
        ],
        [
          "US_DRIVER_LICENSE",
          1.0
        ],
        [
          "IP_ADDRESS",
          1.0
        ],
        [
          "US_SSN",
          1.0
        ],
        [
          "CREDIT_CARD",
          1.0
        ],
        [
          "ORGANIZATION",
          0.9545454545454546
        ],
        [
          "DATE_TIME",
          0.875
        ],
        [
          "PERSON",
          0.8311688311688312
        ],
        [
          "PHONE_NUMBER",
          0.43902439024390244
        ],
        [
          "LOCATION",
          0.2752808988764045
        ]
      ],
      "entity_precision": {
        "EMAIL_ADDRESS": 1.0,
        "PERSON": 0.9142857142857143,
        "ORGANIZATION": 0.3888888888888889,
        "URL": NaN,
        "US_DRIVER_LICENSE": 1.0,
        "LOCATION": 0.9245283018867925,
        "DATE_TIME": 1.0,
        "IP_ADDRESS": 1.0,
        "PHONE_NUMBER": 0.9,
        "US_SSN": 1.0,
        "CREDIT_CARD": 1.0
      },
      "n_tokens_scored": 359
    },
    "dslim/bert-large-NER": {
      "ok": true,
      "load_seconds": 27.898128799992264,
      "eval_seconds": 9.106543100002455,
      "pii_precision": 0.975103734439834,
      "pii_recall": 0.6456043956043956,
      "pii_f": 0.6923983500294638,
      "entity_recall_top10": [
        [
          "EMAIL_ADDRESS",
          1.0
        ],
        [
          "US_DRIVER_LICENSE",
          1.0
        ],
        [
          "IP_ADDRESS",
          1.0
        ],
        [
          "US_SSN",
          1.0
        ],
        [
          "CREDIT_CARD",
          1.0
        ],
        [
          "ORGANIZATION",
          0.9565217391304348
        ],
        [
          "DATE_TIME",
          0.875
        ],
        [
          "PERSON",
          0.8311688311688312
        ],
        [
          "PHONE_NUMBER",
          0.43902439024390244
        ],
        [
          "LOCATION",
          0.36813186813186816
        ]
      ],
      "entity_precision": {
        "EMAIL_ADDRESS": 1.0,
        "PERSON": 0.8767123287671232,
        "ORGANIZATION": 0.5365853658536586,
        "URL": 1.0,
        "US_DRIVER_LICENSE": 1.0,
        "LOCATION": 0.9710144927536232,
        "DATE_TIME": 1.0,
        "IP_ADDRESS": 1.0,
        "PHONE_NUMBER": 0.9,
        "US_SSN": 1.0,
        "CREDIT_CARD": 1.0
      },
      "n_tokens_scored": 364
    },
    "dslim/distilbert-NER": {
      "ok": true,
      "load_seconds": 8.36468500000774,
      "eval_seconds": 2.041268699991633,
      "pii_precision": 0.9631147540983607,
      "pii_recall": 0.6456043956043956,
      "pii_f": 0.6911764705882353,
      "entity_recall_top10": [
        [
          "EMAIL_ADDRESS",
          1.0
        ],
        [
          "US_DRIVER_LICENSE",
          1.0
        ],
        [
          "IP_ADDRESS",
          1.0
        ],
        [
          "US_SSN",
          1.0
        ],
        [
          "CREDIT_CARD",
          1.0
        ],
        [
          "ORGANIZATION",
          0.9130434782608695
        ],
        [
          "PERSON",
          0.9090909090909091
        ],
        [
          "DATE_TIME",
          0.875
        ],
        [
          "PHONE_NUMBER",
          0.43902439024390244
        ],
        [
          "URL",
          0.3333333333333333
        ]
      ],
      "entity_precision": {
        "EMAIL_ADDRESS": 1.0,
        "PERSON": 0.9210526315789473,
        "ORGANIZATION": 0.42,
        "URL": 1.0,
        "US_DRIVER_LICENSE": 1.0,
        "LOCATION": 0.95,
        "DATE_TIME": 1.0,
        "IP_ADDRESS": 1.0,
        "PHONE_NUMBER": 0.9,
        "US_SSN": 1.0,
        "CREDIT_CARD": 1.0
      },
      "n_tokens_scored": 364
    },
    "dslim/bert-base-NER-uncased": {
      "ok": true,
      "load_seconds": 11.108255900006043,
      "eval_seconds": 2.904784099999233,
      "pii_precision": 0.9589552238805971,
      "pii_recall": 0.7021857923497268,
      "pii_f": 0.7419168591224018,
      "entity_recall_top10": [
        [
          "EMAIL_ADDRESS",
          1.0
        ],
        [
          "US_DRIVER_LICENSE",
          1.0
        ],
        [
          "IP_ADDRESS",
          1.0
        ],
        [
          "US_SSN",
          1.0
        ],
        [
          "CREDIT_CARD",
          1.0
        ],
        [
          "PERSON",
          0.9090909090909091
        ],
        [
          "DATE_TIME",
          0.875
        ],
        [
          "ORGANIZATION",
          0.8260869565217391
        ],
        [
          "PHONE_NUMBER",
          0.43902439024390244
        ],
        [
          "LOCATION",
          0.43478260869565216
        ]
      ],
      "entity_precision": {
        "EMAIL_ADDRESS": 1.0,
        "PERSON": 0.8860759493670886,
        "ORGANIZATION": 0.3877551020408163,